,img,bank,card_name,card_type,required_income,required_applicant,reward_points,reward_category,each_spending
0,https://ringgitplus.com/img/card-400/5ab4a9dc2af8f39d1adf1434/aeon-platinum-visa.jpg,aeon,aeon_platinum_visa,visa,5000.0,Anybody,4.0,for spending within aeon and aeon big stores,1
1,https://ringgitplus.com/img/card-400/5ab4a9dc2af8f39d1adf1434/aeon-platinum-visa.jpg,aeon,aeon_platinum_visa,visa,5000.0,Anybody,3.0,"for petrol, overseas and dining transactions in the first year",1
2,https://ringgitplus.com/img/card-400/5ab4a9dc2af8f39d1adf1434/aeon-platinum-visa.jpg,aeon,aeon_platinum_visa,visa,5000.0,Anybody,1.0,on other transactions,1
3,https://ringgitplus.com/img/card-400/5badee25bf72ec1126f9cb47/aeon-platinum-mastercard.jpg,aeon,aeon_platinum_mastercard,mastercard,5000.0,Anybody,4.0,for spending within aeon and aeon big stores,1
4,https://ringgitplus.com/img/card-400/5badee25bf72ec1126f9cb47/aeon-platinum-mastercard.jpg,aeon,aeon_platinum_mastercard,mastercard,5000.0,Anybody,3.0,"for petrol, overseas and dining transactions in the first year",1
5,https://ringgitplus.com/img/card-400/5badee25bf72ec1126f9cb47/aeon-platinum-mastercard.jpg,aeon,aeon_platinum_mastercard,mastercard,5000.0,Anybody,1.0,for other transactions,1
6,https://ringgitplus.com/img/card-400/519489e2193821ed4a00000a/new-aeon-visa-gold.jpg,aeon,new_aeon_visa_gold,visa,3000.0,Anybody,4.0,at aeon stores every 10th of the month,1
7,https://ringgitplus.com/img/card-400/519489e2193821ed4a00000a/new-aeon-visa-gold.jpg,aeon,new_aeon_visa_gold,visa,3000.0,Anybody,2.0,at aeon stores everyday,1
8,https://ringgitplus.com/img/card-400/519489e2193821ed4a00000a/new-aeon-visa-gold.jpg,aeon,new_aeon_visa_gold,visa,3000.0,Anybody,1.0,on other transactions,2
9,https://ringgitplus.com/img/card-400/519489e2193821ed4a000003/aeon-mastercard-gold.jpg,aeon,aeon_mastercard_gold,mastercard,3000.0,Anybody,1.0,on retail spending,2
10,https://ringgitplus.com/img/card-400/519489e2193821ed4a000009/aeon-visa-gold.jpg,aeon,aeon_visa_gold,visa,3000.0,Anybody,1.0,on retail spending,2
11,https://ringgitplus.com/img/card-400/519489e2193821ed4a000002/new-aeon-visa-classic.jpg,aeon,new_aeon_visa_classic,visa,2000.0,Anybody,4.0,at aeon stores every 10th of the month,1
12,https://ringgitplus.com/img/card-400/519489e2193821ed4a000002/new-aeon-visa-classic.jpg,aeon,new_aeon_visa_classic,visa,2000.0,Anybody,2.0,at aeon stores everyday,1
13,https://ringgitplus.com/img/card-400/519489e2193821ed4a000002/new-aeon-visa-classic.jpg,aeon,new_aeon_visa_classic,visa,2000.0,Anybody,1.0,other and overseas transactions (except petrol and government department),2
14,https://ringgitplus.com/img/card-400/519489e2193821ed4a000004/new-aeon-mastercard-gold.jpg,aeon,new_aeon_mastercard_gold,mastercard,3000.0,Anybody,4.0,at aeon stores every 10th of the month,1
15,https://ringgitplus.com/img/card-400/519489e2193821ed4a000004/new-aeon-mastercard-gold.jpg,aeon,new_aeon_mastercard_gold,mastercard,3000.0,Anybody,2.0,at aeon stores,1
16,https://ringgitplus.com/img/card-400/519489e2193821ed4a000004/new-aeon-mastercard-gold.jpg,aeon,new_aeon_mastercard_gold,mastercard,3000.0,Anybody,1.0,on other transactions,2
17,https://ringgitplus.com/img/card-400/519489e2193821ed4a000001/new-aeon-mastercard-classic.jpg,aeon,new_aeon_mastercard_classic,mastercard,2000.0,Anybody,4.0,at aeon stores every 10th of the month,1
18,https://ringgitplus.com/img/card-400/519489e2193821ed4a000001/new-aeon-mastercard-classic.jpg,aeon,new_aeon_mastercard_classic,mastercard,2000.0,Anybody,2.0,at aeon stores everyday,1
19,https://ringgitplus.com/img/card-400/519489e2193821ed4a000001/new-aeon-mastercard-classic.jpg,aeon,new_aeon_mastercard_classic,mastercard,2000.0,Anybody,1.0,other and overseas transactions (except petrol and government department),2
20,https://ringgitplus.com/img/card-400/519489e2193821ed4a00000b/aeon-visa-classic.jpg,aeon,aeon_visa_classic,visa,2000.0,Anybody,1.0,on retail spending,2
21,https://ringgitplus.com/img/card-400/519489e2193821ed4a000005/aeon-mastercard-classic.jpg,aeon,aeon_mastercard_classic,mastercard,2000.0,Anybody,1.0,on retail spending,2
22,https://ringgitplus.com/img/card-400/53c8a6d3f2d42521322f2820/affinbank-world-mastercard.jpg,affin_bank,affinbank_world_mastercard,mastercard,6666.67,Anybody,3.0,on all overseas retail expenses,1
23,https://ringgitplus.com/img/card-400/53c8a6d3f2d42521322f2820/affinbank-world-mastercard.jpg,affin_bank,affinbank_world_mastercard,mastercard,6666.67,Anybody,1.0,on all local retail transactions,1
24,https://ringgitplus.com/img/card-400/519489e2193821ed4a000011/affinbank-visa-gold.jpg,affin_bank,affinbank_visa_gold,visa,2000.0,Anybody,1.0,on all retail transactions,1
25,https://ringgitplus.com/img/card-400/519489e2193821ed4a00000e/affinbank-mastercard-classic.jpg,affin_bank,affinbank_mastercard_classic,mastercard,2000.0,Anybody,1.0,on all retail transactions,1
26,https://ringgitplus.com/img/card-400/519489e2193821ed4a000014/affinbank-bhpetrol-touch-fuel-mastercard-contactless.jpg,affin_bank,affinbank_bhpetrol_'touch_&_fuel'_mastercard_contactless,mastercard,2000.0,Anybody,1.0,on all retail transactions,1
27,https://ringgitplus.com/img/card-400/519489e2193821ed4a000010/affinbank-mastercard-gold.jpg,affin_bank,affinbank_mastercard_gold,mastercard,2000.0,Anybody,1.0,on all retail transactions,1
28,https://ringgitplus.com/img/card-400/519489e2193821ed4a00000f/affinbank-visa-classic.jpg,affin_bank,affinbank_visa_classic,visa,2000.0,Anybody,1.0,on all retail transactions,1
29,https://ringgitplus.com/img/card-400/5f5a064db2a9381d10775b80/affin-duo-mastercard-rewards.jpg,affin_bank,affin_duo_mastercard_rewards,mastercard,2000.0,Anybody,3.0,"on dining, groceries and petrol",1
30,https://ringgitplus.com/img/card-400/5b76805fd1077cae0c81204f/affin-islamic-world-mastercard.jpg,affin_islamic_bank,affin_islamic_world_mastercard,mastercard,6666.67,Anybody,3.0,on all overseas retail transaction,1
31,https://ringgitplus.com/img/card-400/5b76805fd1077cae0c81204f/affin-islamic-world-mastercard.jpg,affin_islamic_bank,affin_islamic_world_mastercard,mastercard,6666.67,Anybody,1.0,on all local retail transaction,1
32,https://ringgitplus.com/img/card-400/5b767ef0d1077cae0c81204d/affin-islamic-platinum-mastercard.jpg,affin_islamic_bank,affin_islamic_platinum_mastercard,mastercard,4000.0,Anybody,2.0,on all overseas retail spends,1
33,https://ringgitplus.com/img/card-400/5b767ef0d1077cae0c81204d/affin-islamic-platinum-mastercard.jpg,affin_islamic_bank,affin_islamic_platinum_mastercard,mastercard,4000.0,Anybody,1.0,on all local retail transactions,1
34,https://ringgitplus.com/img/card-400/5b767bfcd1077cae0c812049/affin-islamic-mastercard-gold.jpg,affin_islamic_bank,affin_islamic_mastercard_gold,mastercard,2500.0,Anybody,1.0,on local and overseas retail expenses,1
35,https://ringgitplus.com/img/card-400/519489e2193821ed4a000024/alliance-bank-visa-platinum.jpg,alliance_bank,alliance_bank_visa_platinum,visa,2000.0,Anybody,8.0,on online shopping transactions and ewallet reload,1
36,https://ringgitplus.com/img/card-400/519489e2193821ed4a000024/alliance-bank-visa-platinum.jpg,alliance_bank,alliance_bank_visa_platinum,visa,2000.0,Anybody,3.0,on all overseas transactions,1
37,https://ringgitplus.com/img/card-400/519489e2193821ed4a000024/alliance-bank-visa-platinum.jpg,alliance_bank,alliance_bank_visa_platinum,visa,2000.0,Anybody,1.0,"on all local retail transactions, dining, entertainment, auto-billing, and contactless",1
38,https://ringgitplus.com/img/card-400/519489e2193821ed4a000029/alliance-bank-younique-great-rewards.jpg,alliance_bank,alliance_bank_you:nique_great_rewards,,2000.0,Anybody,1.0,on all local and overseas spends,1
39,https://ringgitplus.com/img/card-400/519489e2193821ed4a000022/alliance-bank-visa-infinite.jpg,alliance_bank,alliance_bank_visa_infinite,visa,5000.0,Anybody,8.0,"on online shopping transactions, and ewallet reload",1
40,https://ringgitplus.com/img/card-400/519489e2193821ed4a000022/alliance-bank-visa-infinite.jpg,alliance_bank,alliance_bank_visa_infinite,visa,5000.0,Anybody,5.0,"on overseas transactions, and groceries",1
41,https://ringgitplus.com/img/card-400/519489e2193821ed4a000022/alliance-bank-visa-infinite.jpg,alliance_bank,alliance_bank_visa_infinite,visa,5000.0,Anybody,1.0,"on local retail spends, entertainment, auto-billing, dining, and contactless",1
42,https://ringgitplus.com/img/card-400/519489e2193821ed4a000023/alliance-bank-mastercard-platinum.jpg,alliance_bank,alliance_bank_mastercard_platinum,mastercard,5000.0,Anybody,3.0,on all overseas retail spends,1
43,https://ringgitplus.com/img/card-400/519489e2193821ed4a000023/alliance-bank-mastercard-platinum.jpg,alliance_bank,alliance_bank_mastercard_platinum,mastercard,5000.0,Anybody,1.0,on all local retail spends,1
44,https://ringgitplus.com/img/card-400/519489e2193821ed4a000026/alliance-bank-visa-gold.jpg,alliance_bank,alliance_bank_visa_gold,visa,2000.0,Anybody,2.0,on all overseas retail spends,1
45,https://ringgitplus.com/img/card-400/519489e2193821ed4a000026/alliance-bank-visa-gold.jpg,alliance_bank,alliance_bank_visa_gold,visa,2000.0,Anybody,1.0,on all local retail spends,1
46,https://ringgitplus.com/img/card-400/519489e2193821ed4a000016/alliance-bank-mastercard-classic.jpg,alliance_bank,alliance_bank_mastercard_classic,mastercard,2000.0,Anybody,1.0,on all local and overseas spending,1
47,https://ringgitplus.com/img/card-400/519489e2193821ed4a000025/alliance-bank-mastercard-gold.jpg,alliance_bank,alliance_bank_mastercard_gold,mastercard,2000.0,Anybody,2.0,on all overseas retail spends,1
48,https://ringgitplus.com/img/card-400/519489e2193821ed4a000025/alliance-bank-mastercard-gold.jpg,alliance_bank,alliance_bank_mastercard_gold,mastercard,2000.0,Anybody,1.0,on all local retail spends,1
49,https://ringgitplus.com/img/card-400/519489e2193821ed4a000017/alliance-bank-visa-classic.jpg,alliance_bank,alliance_bank_visa_classic,visa,2000.0,Anybody,1.0,on all local and overseas spending,1
50,https://ringgitplus.com/img/card-400/519489e2193821ed4a00003f/ambank-islamic-visa-platinum-card-i.jpg,ambank,ambank_islamic_visa_platinum_card_i,visa,2000.0,Anybody,2.0,on all overseas retail expenses (except for online transactions),1
51,https://ringgitplus.com/img/card-400/519489e2193821ed4a00003f/ambank-islamic-visa-platinum-card-i.jpg,ambank,ambank_islamic_visa_platinum_card_i,visa,2000.0,Anybody,1.0,on all local retail expenses,1
52,https://ringgitplus.com/img/card-400/519489e2193821ed4a000037/ambank-visa-infinite.jpg,ambank,ambank_visa_infinite,visa,10000.0,Anybody,5.0,on overseas retail purchases (except online transactions),1
53,https://ringgitplus.com/img/card-400/519489e2193821ed4a000037/ambank-visa-infinite.jpg,ambank,ambank_visa_infinite,visa,10000.0,Anybody,1.0,on all local retail expenses,1
54,https://ringgitplus.com/img/card-400/519489e2193821ed4a000038/ambank-visa-signature.jpg,ambank,ambank_visa_signature,visa,6666.67,Anybody,3.0,on all overseas retail expenses (except for online transactions),1
55,https://ringgitplus.com/img/card-400/519489e2193821ed4a000038/ambank-visa-signature.jpg,ambank,ambank_visa_signature,visa,6666.67,Anybody,1.0,on all local retail expenses,1
56,https://ringgitplus.com/img/card-400/5dc53ebcc22711c828d18a6c/ambank-unionpay-platinum-credit-card.jpg,ambank,ambank_unionpay_platinum_credit_card,unionpay,5000.0,Anybody,5.0,on all overseas retail expenses (except for online transactions),1
57,https://ringgitplus.com/img/card-400/5dc53ebcc22711c828d18a6c/ambank-unionpay-platinum-credit-card.jpg,ambank,ambank_unionpay_platinum_credit_card,unionpay,5000.0,Anybody,1.0,on all local retail expenses,1
58,https://ringgitplus.com/img/card-400/590af1db32d5e6fa36da31e8/ambank-bonuslink-visa-signature.jpg,ambank,ambank_bonuslink_visa_signature,visa,6666.67,Anybody,30.0,"on selected categories: shell petrol, parkson, dining, groceries, online transactions, entertainment (movie ticket, bowling, etc)",20
59,https://ringgitplus.com/img/card-400/590af1db32d5e6fa36da31e8/ambank-bonuslink-visa-signature.jpg,ambank,ambank_bonuslink_visa_signature,visa,6666.67,Anybody,6.0,on overseas retail transactions,20
60,https://ringgitplus.com/img/card-400/590af1db32d5e6fa36da31e8/ambank-bonuslink-visa-signature.jpg,ambank,ambank_bonuslink_visa_signature,visa,6666.67,Anybody,3.0,on other local retail transactions,20
61,https://ringgitplus.com/img/card-400/590ae38dc110f4691a8062d3/ambank-bonuslink-visa-platinum.jpg,ambank,ambank_bonuslink_visa_platinum,visa,4000.0,Anybody,30.0,"on selected categories: shell petrol, parkson, dining, groceries, online transactions, entertainment (movie ticket, bowling, etc)",20
62,https://ringgitplus.com/img/card-400/590ae38dc110f4691a8062d3/ambank-bonuslink-visa-platinum.jpg,ambank,ambank_bonuslink_visa_platinum,visa,4000.0,Anybody,6.0,on overseas retail transactions,20
63,https://ringgitplus.com/img/card-400/590ae38dc110f4691a8062d3/ambank-bonuslink-visa-platinum.jpg,ambank,ambank_bonuslink_visa_platinum,visa,4000.0,Anybody,3.0,on other local retail transactions,20
64,https://ringgitplus.com/img/card-400/519489e2193821ed4a00003b/ambank-visa-platinum.jpg,ambank,ambank_visa_platinum,visa,4000.0,Anybody,1.0,on all local retail expenses,1
65,https://ringgitplus.com/img/card-400/519489e2193821ed4a00003b/ambank-visa-platinum.jpg,ambank,ambank_visa_platinum,visa,4000.0,Anybody,2.0,on all overseas retail expenses,1
66,https://ringgitplus.com/img/card-400/519489e2193821ed4a00003d/ambank-islamic-visa-infinite-card-i.jpg,ambank,ambank_islamic_visa_infinite_card_i,visa,10000.0,Malaysians and Permanent Residents,5.0,on overseas retail purchases (except online transactions),1
67,https://ringgitplus.com/img/card-400/519489e2193821ed4a00003d/ambank-islamic-visa-infinite-card-i.jpg,ambank,ambank_islamic_visa_infinite_card_i,visa,10000.0,Malaysians and Permanent Residents,1.0,on all local retail expenses,1
68,https://ringgitplus.com/img/card-400/519489e2193821ed4a00003e/ambank-islamic-visa-signature-card-i.jpg,ambank,ambank_islamic_visa_signature_card_i,visa,6666.67,Malaysians and Permanent Residents,3.0,on all overseas retail expenses (except online transactions),1
69,https://ringgitplus.com/img/card-400/519489e2193821ed4a00003e/ambank-islamic-visa-signature-card-i.jpg,ambank,ambank_islamic_visa_signature_card_i,visa,6666.67,Malaysians and Permanent Residents,1.0,on all local retail expenses,1
70,https://ringgitplus.com/img/card-400/519489e2193821ed4a000061/bsn-classic-visa.jpg,bsn,bsn_classic_visa,visa,2000.0,Malaysians Only,2.0,on all overseas retail expenses,1
71,https://ringgitplus.com/img/card-400/519489e2193821ed4a000061/bsn-classic-visa.jpg,bsn,bsn_classic_visa,visa,2000.0,Malaysians Only,1.0,on all local retail expenses,1
72,https://ringgitplus.com/img/card-400/52d7c28387d70ef56d109926/bsn-platinum-visa-credit-card-i.jpg,bsn,bsn_platinum_visa_credit_card_i,visa,4000.0,Malaysians Only,2.0,"on local dining, golf, travel expenses",1
73,https://ringgitplus.com/img/card-400/52d7c28387d70ef56d109926/bsn-platinum-visa-credit-card-i.jpg,bsn,bsn_platinum_visa_credit_card_i,visa,4000.0,Malaysians Only,1.0,on all local retail expenses,1
74,https://ringgitplus.com/img/card-400/55483f4fad74384473a93ad9/bsn-gold-visa-credit-card-i.jpg,bsn,bsn_gold_visa_credit_card_i,visa,3000.0,Malaysians Only,1.0,local retail spending,1
75,https://ringgitplus.com/img/card-400/55483f4fad74384473a93ad9/bsn-gold-visa-credit-card-i.jpg,bsn,bsn_gold_visa_credit_card_i,visa,3000.0,Malaysians Only,2.0,overseas retail spending,1
76,https://ringgitplus.com/img/card-400/519489e2193821ed4a000064/bsn-gold-visa.jpg,bsn,bsn_gold_visa,visa,3000.0,Malaysians Only,2.0,on all overseas retail expenses,1
77,https://ringgitplus.com/img/card-400/519489e2193821ed4a000064/bsn-gold-visa.jpg,bsn,bsn_gold_visa,visa,3000.0,Malaysians Only,1.0,on all local retail expenses,1
78,https://ringgitplus.com/img/card-400/519489e2193821ed4a000059/bsn-platinum-mastercard-credit-card-i.jpg,bsn,bsn_platinum_mastercard_credit_card_i,mastercard,4000.0,Malaysians Only,2.0,"on local dining, golf and travel expenses",1
79,https://ringgitplus.com/img/card-400/519489e2193821ed4a000059/bsn-platinum-mastercard-credit-card-i.jpg,bsn,bsn_platinum_mastercard_credit_card_i,mastercard,4000.0,Malaysians Only,1.0,on all local retail expenses,1
80,https://ringgitplus.com/img/card-400/52d7bd7987d70ef56d10991f/bsn-visa-platinum.jpg,bsn,bsn_visa_platinum,visa,4000.0,Malaysians Only,2.0,"local dining, golf and travel",1
81,https://ringgitplus.com/img/card-400/52d7bd7987d70ef56d10991f/bsn-visa-platinum.jpg,bsn,bsn_visa_platinum,visa,4000.0,Malaysians Only,1.0,local retail spending,1
82,https://ringgitplus.com/img/card-400/519489e2193821ed4a00005d/bsn-gold-mastercard.jpg,bsn,bsn_gold_mastercard,mastercard,3000.0,Malaysians Only,2.0,on all overseas retail expenses,1
83,https://ringgitplus.com/img/card-400/519489e2193821ed4a00005d/bsn-gold-mastercard.jpg,bsn,bsn_gold_mastercard,mastercard,3000.0,Malaysians Only,1.0,on all local retail expenses,1
84,https://ringgitplus.com/img/card-400/55484c7f2097f5c41eb83bdc/bsn-classic-visa-credit-card-i.jpg,bsn,bsn_classic_visa_credit_card_i,visa,2000.0,Malaysians Only,1.0,local retail spending,1
85,https://ringgitplus.com/img/card-400/55484c7f2097f5c41eb83bdc/bsn-classic-visa-credit-card-i.jpg,bsn,bsn_classic_visa_credit_card_i,visa,2000.0,Malaysians Only,2.0,overseas retail spending,1
86,https://ringgitplus.com/img/card-400/519489e2193821ed4a00005f/bsn-classic-mastercard.jpg,bsn,bsn_classic_mastercard,mastercard,2000.0,Malaysians Only,2.0,on all overseas retail expenses,1
87,https://ringgitplus.com/img/card-400/519489e2193821ed4a00005f/bsn-classic-mastercard.jpg,bsn,bsn_classic_mastercard,mastercard,2000.0,Malaysians Only,1.0,on all local retail expenses,1
88,https://ringgitplus.com/img/card-400/554840c62097f5c41eb83bd9/bsn-gold-mastercard-credit-card-i.jpg,bsn,bsn_gold_mastercard_credit_card_i,mastercard,3000.0,Malaysians Only,1.0,local retail spending,1
89,https://ringgitplus.com/img/card-400/554840c62097f5c41eb83bd9/bsn-gold-mastercard-credit-card-i.jpg,bsn,bsn_gold_mastercard_credit_card_i,mastercard,3000.0,Malaysians Only,2.0,overseas retail spending,1
90,https://ringgitplus.com/img/card-400/519489e2193821ed4a000058/bsn-platinum-mastercard.jpg,bsn,bsn_platinum_mastercard,mastercard,4000.0,Malaysians Only,2.0,on overseas retail expenses,1
91,https://ringgitplus.com/img/card-400/519489e2193821ed4a000058/bsn-platinum-mastercard.jpg,bsn,bsn_platinum_mastercard,mastercard,4000.0,Malaysians Only,2.0,"on local dining, golf and travel expenses",1
92,https://ringgitplus.com/img/card-400/519489e2193821ed4a000058/bsn-platinum-mastercard.jpg,bsn,bsn_platinum_mastercard,mastercard,4000.0,Malaysians Only,1.0,on local retail expenses,1
93,https://ringgitplus.com/img/card-400/554864552097f5c41eb83bde/bsn-classic-mastercard-credit-card-i.jpg,bsn,bsn_classic_mastercard_credit_card_i,mastercard,2000.0,Malaysians Only,1.0,local retail spending,1
94,https://ringgitplus.com/img/card-400/554864552097f5c41eb83bde/bsn-classic-mastercard-credit-card-i.jpg,bsn,bsn_classic_mastercard_credit_card_i,mastercard,2000.0,Malaysians Only,2.0,overseas retail spending,1
95,https://ringgitplus.com/img/card-400/56051c5234a4e55376a16124/bank-islam-infinite-visa-credit-card-i.jpg,bank_islam,bank_islam_infinite_visa_credit_card_i,visa,8333.33,Anybody,1.0,on all local and overseas retail expenses,1
96,https://ringgitplus.com/img/card-400/5295b80e28ea575849002407/bank-islam-platinum-visa-credit-card-i.jpg,bank_islam,bank_islam_platinum_visa_credit_card_i,visa,4000.0,Anybody,1.0,on all local and overseas retail expenses,1
97,https://ringgitplus.com/img/card-400/519489e2193821ed4a000050/bank-islam-gold-visa-card-i.jpg,bank_islam,bank_islam_gold_visa_card_i,visa,2000.0,Anybody,1.0,on all local and overseas retail expenses,1
98,https://ringgitplus.com/img/card-400/519489e2193821ed4a000053/bank-islam-platinum-mastercard-card-i.jpg,bank_islam,bank_islam_platinum_mastercard_card_i,mastercard,4000.0,Anybody,1.0,on all local and overseas retail expenses,1
99,https://ringgitplus.com/img/card-400/519489e2193821ed4a00004f/bank-islam-gold-mastercard-card-i.jpg,bank_islam,bank_islam_gold_mastercard_card_i,mastercard,2000.0,Anybody,1.0,on all local and overseas retail expenses,1
100,https://ringgitplus.com/img/card-400/563980363c97b2d92da60d90/bank-rakyat-platinum-credit-card-i.jpg,bank_rakyat,bank_rakyat_platinum_credit_card_i,,5000.0,Anybody,1.0,on all local and overseas retail expenses,10
101,https://ringgitplus.com/img/card-400/519489e2193821ed4a000054/bank-rakyat-classic-credit-card-i.jpg,bank_rakyat,bank_rakyat_classic_credit_card_i,,2000.0,Anybody,1.0,on all local and overseas retail expenses,10
102,https://ringgitplus.com/img/card-400/519489e2193821ed4a000056/bank-rakyat-gold-credit-card-i.jpg,bank_rakyat,bank_rakyat_gold_credit_card_i,,3000.0,Anybody,1.0,on all local and overseas retail expenses,10
103,https://ringgitplus.com/img/card-400/5eec7e8eab6acc96484ae826/cimb-e-credit-card.jpg,cimb,cimb_e_credit_card,,2000.0,Anybody,12.0,on online/contactless transactions for strategic partner special day,1
104,https://ringgitplus.com/img/card-400/5eec7e8eab6acc96484ae826/cimb-e-credit-card.jpg,cimb,cimb_e_credit_card,,2000.0,Anybody,10.0,on online/contactless transactions on special day,1
105,https://ringgitplus.com/img/card-400/5eec7e8eab6acc96484ae826/cimb-e-credit-card.jpg,cimb,cimb_e_credit_card,,2000.0,Anybody,5.0,on online transactions on normal day,1
106,https://ringgitplus.com/img/card-400/5eec7e8eab6acc96484ae826/cimb-e-credit-card.jpg,cimb,cimb_e_credit_card,,2000.0,Anybody,1.0,on in-store pin purchases (everyday),1
107,https://ringgitplus.com/img/card-400/519489e2193821ed4a000073/cimb-enrich-world-mastercard.jpg,cimb,cimb_enrich_world_mastercard,mastercard,8333.33,Malaysians Only,2.0,overseas spend,3
108,https://ringgitplus.com/img/card-400/519489e2193821ed4a000073/cimb-enrich-world-mastercard.jpg,cimb,cimb_enrich_world_mastercard,mastercard,8333.33,Malaysians Only,1.0,local spend,3
109,https://ringgitplus.com/img/card-400/519489e2193821ed4a000077/cimb-platinum-mastercard.jpg,cimb,cimb_platinum_mastercard,mastercard,2000.0,Malaysians Only,1.0,on all retail spends,1
110,https://ringgitplus.com/img/card-400/519489e2193821ed4a00006c/cimb-world-mastercard.jpg,cimb,cimb_world_mastercard,mastercard,7500.0,Malaysians Only,5.0,on full fare flight tickets,1
111,https://ringgitplus.com/img/card-400/519489e2193821ed4a00006c/cimb-world-mastercard.jpg,cimb,cimb_world_mastercard,mastercard,7500.0,Malaysians Only,1.0,on all local retail spends,1
112,https://ringgitplus.com/img/card-400/56bc3a294d971cbc389dd40c/cimb-enrich-world-elite-mastercard.jpg,cimb,cimb_enrich_world_elite_mastercard,mastercard,20833.33,Malaysians Only,1.0,on overseas retail spending,1
113,https://ringgitplus.com/img/card-400/56bc3a294d971cbc389dd40c/cimb-enrich-world-elite-mastercard.jpg,cimb,cimb_enrich_world_elite_mastercard,mastercard,20833.33,Malaysians Only,1.0,on local retail spending,2
114,https://ringgitplus.com/img/card-400/519489e2193821ed4a00006b/cimb-visa-signature.jpg,cimb,cimb_visa_signature,visa,5000.0,Malaysians Only,2.0,on all overseas retail spends,1
115,https://ringgitplus.com/img/card-400/519489e2193821ed4a00006b/cimb-visa-signature.jpg,cimb,cimb_visa_signature,visa,5000.0,Malaysians Only,1.0,on all local retail spends,1
116,https://ringgitplus.com/img/card-400/519489e2193821ed4a000074/cimb-visa-infinite.jpg,cimb,cimb_visa_infinite,visa,10000.0,Anybody,5.0,on overseas retail spends,1
117,https://ringgitplus.com/img/card-400/519489e2193821ed4a000074/cimb-visa-infinite.jpg,cimb,cimb_visa_infinite,visa,10000.0,Anybody,1.0,on local spends,1
118,https://ringgitplus.com/img/card-400/519489e2193821ed4a000076/cimb-platinum-visa.jpg,cimb,cimb_platinum_visa,visa,2000.0,Malaysians Only,1.0,on all retail spends,1
119,https://ringgitplus.com/img/card-400/519489e2193821ed4a000072/cimb-enrich-platinum-mastercard.jpg,cimb,cimb_enrich_platinum_mastercard,mastercard,2000.0,Malaysians Only,1.0,on all local retail spends,4
120,https://ringgitplus.com/img/card-400/519489e2193821ed4a00007a/cimb-islamic-mastercard-platinum.jpg,cimb,cimb_islamic_mastercard_platinum,mastercard,2000.0,Malaysians Only,1.0,on all retail spends,1
121,https://ringgitplus.com/img/card-400/5dc26df07074fb6543301594/lazada-citi-platinum.jpg,citibank,lazada_citi_platinum,,2000.0,Anybody,10.0,on lazada spends and lazada wallet per statement month,1
122,https://ringgitplus.com/img/card-400/5dc26df07074fb6543301594/lazada-citi-platinum.jpg,citibank,lazada_citi_platinum,,2000.0,Anybody,5.0,on online and lifestyle category spends per statement month,1
123,https://ringgitplus.com/img/card-400/5dc26df07074fb6543301594/lazada-citi-platinum.jpg,citibank,lazada_citi_platinum,,2000.0,Anybody,1.0,on all other spends and petrol,1
124,https://ringgitplus.com/img/card-400/5dc26df07074fb6543301594/lazada-citi-platinum.jpg,citibank,lazada_citi_platinum,,2000.0,Anybody,1000.0,monthly bonus points,1500
125,https://ringgitplus.com/img/card-400/57eddd12655a14fd555f44f2/citi-rewards-mastercard.jpg,citibank,citi_rewards_mastercard,mastercard,5000.0,Anybody,5.0,on all overseas retail (excluding eea transaction),1
126,https://ringgitplus.com/img/card-400/57eddd12655a14fd555f44f2/citi-rewards-mastercard.jpg,citibank,citi_rewards_mastercard,mastercard,5000.0,Anybody,1.0,on other local retail transaction,1
127,https://ringgitplus.com/img/card-400/519489e2193821ed4a000086/citi-premiermiles-mastercard.jpg,citibank,citi_premiermiles_mastercard®,,8333.33,Anybody,2.0,on selected online travel merchants,3
128,https://ringgitplus.com/img/card-400/519489e2193821ed4a000086/citi-premiermiles-mastercard.jpg,citibank,citi_premiermiles_mastercard®,,8333.33,Anybody,1.0,on all local expenses,3
129,https://ringgitplus.com/img/card-400/519489e2193821ed4a000085/citi-clear-mastercard.jpg,citibank,citi_clear_mastercard,mastercard,2000.0,Anybody,3.0,"at borders, topshop, topman, gap, la senza, zouk club kl, vincci, g2000 and sakae sushi!",1
130,https://ringgitplus.com/img/card-400/519489e2193821ed4a000085/citi-clear-mastercard.jpg,citibank,citi_clear_mastercard,mastercard,2000.0,Anybody,1.0,on other retail transactions,1
131,https://ringgitplus.com/img/card-400/519489e2193821ed4a000093/citi-prestige-mastercard.jpg,citibank,citi_prestige_mastercard,mastercard,16000.0,Anybody,2.0,equivalent when you spend in foreign currencies*,1
132,https://ringgitplus.com/img/card-400/519489e2193821ed4a000093/citi-prestige-mastercard.jpg,citibank,citi_prestige_mastercard,mastercard,16000.0,Anybody,1.0,on eligible purchases locally,1
133,https://ringgitplus.com/img/card-400/519489e2193821ed4a0000e3/hsbc-platinum-credit-card.jpg,hsbc,hsbc_platinum_credit_card,,3000.0,Anybody,8.0,on contactless spend,1
134,https://ringgitplus.com/img/card-400/519489e2193821ed4a0000e3/hsbc-platinum-credit-card.jpg,hsbc,hsbc_platinum_credit_card,,3000.0,Anybody,5.0,"on online, overseas and groceries expenses",1
135,https://ringgitplus.com/img/card-400/519489e2193821ed4a0000dd/hsbc-visa-signature.jpg,hsbc,hsbc_visa_signature,visa,6000.0,Anybody,8.0,on online spend in foreign currency,1
136,https://ringgitplus.com/img/card-400/519489e2193821ed4a0000dd/hsbc-visa-signature.jpg,hsbc,hsbc_visa_signature,visa,6000.0,Anybody,5.0,on online retail spends in ringgit malaysia,1
137,https://ringgitplus.com/img/card-400/519489e2193821ed4a0000b8/gsc-hong-leong-platinum-visa.jpg,hong_leong_bank,gsc_hong_leong_platinum_visa,visa,5000.0,Anybody,3.0,online spend,1
138,https://ringgitplus.com/img/card-400/519489e2193821ed4a0000b8/gsc-hong-leong-platinum-visa.jpg,hong_leong_bank,gsc_hong_leong_platinum_visa,visa,5000.0,Anybody,1.0,other retail spends,1
139,https://ringgitplus.com/img/card-400/519489e2193821ed4a0000b7/gsc-hong-leong-gold-visa.jpg,hong_leong_bank,gsc_hong_leong_gold_visa,visa,2000.0,Anybody,3.0,online spend,1
140,https://ringgitplus.com/img/card-400/519489e2193821ed4a0000b7/gsc-hong-leong-gold-visa.jpg,hong_leong_bank,gsc_hong_leong_gold_visa,visa,2000.0,Anybody,1.0,other retail spends,1
141,https://ringgitplus.com/img/card-400/52de431e78d623a405002db3/hong-leong-visa-infinite.jpg,hong_leong_bank,hong_leong_visa_infinite,visa,12500.0,Anybody,5.0,on local retail spends,14
142,https://ringgitplus.com/img/card-400/52de431e78d623a405002db3/hong-leong-visa-infinite.jpg,hong_leong_bank,hong_leong_visa_infinite,visa,12500.0,Anybody,5.0,on overseas retail spends,9
143,https://ringgitplus.com/img/card-400/5c25a8533789a7aa1e09058a/hong-leong-airasia-platinum-visa.jpg,hong_leong_bank,hong_leong_airasia_platinum_visa,visa,2000.0,Anybody,1.0,for airasia transactions,1
144,https://ringgitplus.com/img/card-400/5c25a8533789a7aa1e09058a/hong-leong-airasia-platinum-visa.jpg,hong_leong_bank,hong_leong_airasia_platinum_visa,visa,2000.0,Anybody,1.0,for overseas transactions,2
145,https://ringgitplus.com/img/card-400/5c25a8533789a7aa1e09058a/hong-leong-airasia-platinum-visa.jpg,hong_leong_bank,hong_leong_airasia_platinum_visa,visa,2000.0,Anybody,1.0,for local transactions,3
146,https://ringgitplus.com/img/card-400/5c25e03bf38a34286a6bb3b1/hong-leong-airasia-gold-visa.jpg,hong_leong_bank,hong_leong_airasia_gold_visa,visa,2000.0,Anybody,1.0,for airasia transactions,1
147,https://ringgitplus.com/img/card-400/5c25e03bf38a34286a6bb3b1/hong-leong-airasia-gold-visa.jpg,hong_leong_bank,hong_leong_airasia_gold_visa,visa,2000.0,Anybody,1.0,for overseas transactions,2
148,https://ringgitplus.com/img/card-400/5c25e03bf38a34286a6bb3b1/hong-leong-airasia-gold-visa.jpg,hong_leong_bank,hong_leong_airasia_gold_visa,visa,2000.0,Anybody,1.0,for local transactions,5
149,https://ringgitplus.com/img/card-400/5d8c43e829b550c865d2b001/hong-leong-emirates-hlb-platinum-card.jpg,hong_leong_bank,hong_leong_emirates_hlb_platinum_card,,5000.0,Anybody,1.5,for emirates transaction,4
150,https://ringgitplus.com/img/card-400/5d8c43e829b550c865d2b001/hong-leong-emirates-hlb-platinum-card.jpg,hong_leong_bank,hong_leong_emirates_hlb_platinum_card,,5000.0,Anybody,1.25,for overseas transaction,4
151,https://ringgitplus.com/img/card-400/5d8c43e829b550c865d2b001/hong-leong-emirates-hlb-platinum-card.jpg,hong_leong_bank,hong_leong_emirates_hlb_platinum_card,,5000.0,Anybody,0.5,for local transaction,4
152,https://ringgitplus.com/img/card-400/5d8c3db729b550c865d2afff/hong-leong-emirates-hlb-world-card.jpg,hong_leong_bank,hong_leong_emirates_hlb_world_card,,7500.0,Anybody,2.0,for emirates transaction,4
153,https://ringgitplus.com/img/card-400/5d8c3db729b550c865d2afff/hong-leong-emirates-hlb-world-card.jpg,hong_leong_bank,hong_leong_emirates_hlb_world_card,,7500.0,Anybody,1.5,for overseas transaction,4
154,https://ringgitplus.com/img/card-400/5d8c3db729b550c865d2afff/hong-leong-emirates-hlb-world-card.jpg,hong_leong_bank,hong_leong_emirates_hlb_world_card,,7500.0,Anybody,1.0,for local transaction,4
155,https://ringgitplus.com/img/card-400/5d8c31bc29b550c865d2aff8/hong-leong-emirates-hlb-world-elite-card.jpg,hong_leong_bank,hong_leong_emirates_hlb_world_elite_card,,20833.33,Anybody,2.5,for emirates transaction,4
156,https://ringgitplus.com/img/card-400/5d8c31bc29b550c865d2aff8/hong-leong-emirates-hlb-world-elite-card.jpg,hong_leong_bank,hong_leong_emirates_hlb_world_elite_card,,20833.33,Anybody,1.75,for overseas transaction,4
157,https://ringgitplus.com/img/card-400/5d8c31bc29b550c865d2aff8/hong-leong-emirates-hlb-world-elite-card.jpg,hong_leong_bank,hong_leong_emirates_hlb_world_elite_card,,20833.33,Anybody,1.0,for local transaction,4
158,https://ringgitplus.com/img/card-400/52cbc69a8dbd98902100116c/icbc-visa-platinum.jpg,icbc,icbc_visa_platinum,visa,8333.33,Malaysians Only,1.0,on all local expenses,1
159,https://ringgitplus.com/img/card-400/52cbb612725695036c001b38/icbc-visa-gold.jpg,icbc,icbc_visa_gold,visa,4000.0,Malaysians Only,1.0,on all local retail transaction,1
160,https://ringgitplus.com/img/card-400/52cbb079725695036c0009ec/icbc-visa-classic.jpg,icbc,icbc_visa_classic,visa,2000.0,Malaysians Only,1.0,on all local retail expenses,1
161,https://ringgitplus.com/img/card-400/5efb15f04e3602772bc1dbc2/maybank-shopee-visa-platinum.jpg,maybank,maybank_shopee_visa_platinum,visa,3000.0,Anybody,5.0,on shopee spend on special days,1
162,https://ringgitplus.com/img/card-400/5efb15f04e3602772bc1dbc2/maybank-shopee-visa-platinum.jpg,maybank,maybank_shopee_visa_platinum,visa,3000.0,Anybody,2.0,"on dining, paywave and entertainment spend on normal days",1
163,https://ringgitplus.com/img/card-400/5efb15f04e3602772bc1dbc2/maybank-shopee-visa-platinum.jpg,maybank,maybank_shopee_visa_platinum,visa,3000.0,Anybody,4.0,"on dining, paywave and entertainment spend on special days",1
164,https://ringgitplus.com/img/card-400/5efb15f04e3602772bc1dbc2/maybank-shopee-visa-platinum.jpg,maybank,maybank_shopee_visa_platinum,visa,3000.0,Anybody,1.0,"on utilities, education, ezypay and insurance",1
165,https://ringgitplus.com/img/card-400/5f45eb359224a5a83ac04e14/maybank-grab-mastercard-platinum.jpg,maybank,maybank_grab_mastercard_platinum,mastercard,3000.0,Malaysians Only,5.0,"for all purchases made in grab app, including grab e-wallet reloads",1
166,https://ringgitplus.com/img/card-400/5f45eb359224a5a83ac04e14/maybank-grab-mastercard-platinum.jpg,maybank,maybank_grab_mastercard_platinum,mastercard,3000.0,Malaysians Only,2.0,"for transaction made overseas, cross-border and e-commerce",1
167,https://ringgitplus.com/img/card-400/5f45eb359224a5a83ac04e14/maybank-grab-mastercard-platinum.jpg,maybank,maybank_grab_mastercard_platinum,mastercard,3000.0,Malaysians Only,1.0,for other local purchases made,3
168,https://ringgitplus.com/img/card-400/54bf212f6a3668363f2c4e56/maybank-visa-signature.jpg,maybank,maybank_visa_signature,visa,5833.33,Anybody,5.0,on all overseas retail,1
169,https://ringgitplus.com/img/card-400/54bf212f6a3668363f2c4e56/maybank-visa-signature.jpg,maybank,maybank_visa_signature,visa,5833.33,Anybody,1.0,on 0% ezypay,1
170,https://ringgitplus.com/img/card-400/519489e2193821ed4a0000f5/maybank-2-gold-cards.jpg,maybank,maybank_2_gold_cards,,2500.0,Anybody,5.0,on all retail with maybank 2 american express card (weekdays),1
171,https://ringgitplus.com/img/card-400/519489e2193821ed4a0000f5/maybank-2-gold-cards.jpg,maybank,maybank_2_gold_cards,,2500.0,Anybody,1.0,on all retail with maybank 2 mastercard or visa,1
172,https://ringgitplus.com/img/card-400/519489e2193821ed4a0000f6/petronas-maybank-visa-platinum.jpg,maybank,petronas_maybank_visa_platinum,visa,5000.0,Anybody,8.0,on groceries every weekend,1
173,https://ringgitplus.com/img/card-400/519489e2193821ed4a0000f6/petronas-maybank-visa-platinum.jpg,maybank,petronas_maybank_visa_platinum,visa,5000.0,Anybody,5.0,on weekdays at petronas,1
174,https://ringgitplus.com/img/card-400/519489e2193821ed4a0000f6/petronas-maybank-visa-platinum.jpg,maybank,petronas_maybank_visa_platinum,visa,5000.0,Anybody,1.0,"on education, insurance, utilities and 0% ezypay",1
175,https://ringgitplus.com/img/card-400/519489e2193821ed4a0000e8/maybank-islamic-petronas-ikhwan-visa-platinum-card-i.jpg,maybank,maybank_islamic_petronas_ikhwan_visa_platinum_card_i,visa,5000.0,Anybody,1.0,"on retail, education, insurance, utilities, petrol and 0% ezypay, except government bodies",1
176,https://ringgitplus.com/img/card-400/5c874371f50752ac33dae6bb/maybank-islamic-world-mastercard-ikhwan.jpg,maybank,maybank_islamic_world_mastercard_ikhwan,mastercard,8333.33,Anybody,5.0,on all local retail transaction,2
177,https://ringgitplus.com/img/card-400/5c874371f50752ac33dae6bb/maybank-islamic-world-mastercard-ikhwan.jpg,maybank,maybank_islamic_world_mastercard_ikhwan,mastercard,8333.33,Anybody,5.0,on all overseas retail transaction,1
178,https://ringgitplus.com/img/card-400/5c874371f50752ac33dae6bb/maybank-islamic-world-mastercard-ikhwan.jpg,maybank,maybank_islamic_world_mastercard_ikhwan,mastercard,8333.33,Anybody,1.0,"on utilities, petrol, education, ezypay and insurance transactions",1
179,https://ringgitplus.com/img/card-400/519489e2193821ed4a0000f7/maybank-2-platinum-cards.jpg,maybank,maybank_2_platinum_cards,,5000.0,Anybody,5.0,on all retail with maybank 2 american express card (weekdays),1
180,https://ringgitplus.com/img/card-400/519489e2193821ed4a0000f7/maybank-2-platinum-cards.jpg,maybank,maybank_2_platinum_cards,,5000.0,Anybody,1.0,on local or overseas spend with maybank 2 mastercard or visa,1
181,https://ringgitplus.com/img/card-400/51ab5e7dba98fe5611000020/maybank-manchester-united-visa-infinite.jpg,maybank,maybank_manchester_united_visa_infinite,visa,8333.33,Anybody,10.0,at united direct online megastore and outlet,1
182,https://ringgitplus.com/img/card-400/51ab5e7dba98fe5611000020/maybank-manchester-united-visa-infinite.jpg,maybank,maybank_manchester_united_visa_infinite,visa,8333.33,Anybody,5.0,on groceries,1
183,https://ringgitplus.com/img/card-400/51ab5e7dba98fe5611000020/maybank-manchester-united-visa-infinite.jpg,maybank,maybank_manchester_united_visa_infinite,visa,8333.33,Anybody,2.0,on all local retail,1
184,https://ringgitplus.com/img/card-400/51ab5e7dba98fe5611000020/maybank-manchester-united-visa-infinite.jpg,maybank,maybank_manchester_united_visa_infinite,visa,8333.33,Anybody,1.0,"on utilities, petrol, education, ezypay and insurance transactions",1
185,https://ringgitplus.com/img/card-400/519489e2193821ed4a0000fb/singapore-airlines-krisflyer-american-express-gold.jpg,maybank,singapore_airlines_krisflyer_american_express_gold,american,4000.0,Anybody,2.0,on online ticket purchases at singapore airlines,2
186,https://ringgitplus.com/img/card-400/519489e2193821ed4a0000fb/singapore-airlines-krisflyer-american-express-gold.jpg,maybank,singapore_airlines_krisflyer_american_express_gold,american,4000.0,Anybody,1.0,on all retail (except for government bodies and utilities),2
187,https://ringgitplus.com/img/card-400/519489e2193821ed4a0000e4/maybank-manchester-united-visa-card.jpg,maybank,maybank_manchester_united_visa_card,visa,2500.0,Anybody,10.0,at united direct online megastore and outlet,1
188,https://ringgitplus.com/img/card-400/519489e2193821ed4a0000e4/maybank-manchester-united-visa-card.jpg,maybank,maybank_manchester_united_visa_card,visa,2500.0,Anybody,5.0,on groceries,1
189,https://ringgitplus.com/img/card-400/519489e2193821ed4a0000e4/maybank-manchester-united-visa-card.jpg,maybank,maybank_manchester_united_visa_card,visa,2500.0,Anybody,1.0,"on education, utilities, insurance and 0% ezypay",1
190,https://ringgitplus.com/img/card-400/519489e2193821ed4a0000eb/maybank-visa-infinite.jpg,maybank,maybank_visa_infinite,visa,8333.33,Anybody,5.0,on all overseas retail,1
191,https://ringgitplus.com/img/card-400/519489e2193821ed4a0000eb/maybank-visa-infinite.jpg,maybank,maybank_visa_infinite,visa,8333.33,Anybody,2.0,on all local retail,1
192,https://ringgitplus.com/img/card-400/519489e2193821ed4a0000eb/maybank-visa-infinite.jpg,maybank,maybank_visa_infinite,visa,8333.33,Anybody,1.0,"on petrol, utilities, education, insurance and ezypay instalment",1
193,https://ringgitplus.com/img/card-400/53327be0dc39712b6c00000c/maybank-2-cards-premier.jpg,maybank,maybank_2_cards_premier,,8333.33,Anybody,5.0,on all local and overseas spending with maybank 2 cards reserve american express card,1
194,https://ringgitplus.com/img/card-400/53327be0dc39712b6c00000c/maybank-2-cards-premier.jpg,maybank,maybank_2_cards_premier,,8333.33,Anybody,1.0,"on utilities, education, insurance and ezypay instalment with maybank 2 cards reserve american express card",1
195,https://ringgitplus.com/img/card-400/519489e2193821ed4a000100/maybank-american-express-platinum.jpg,maybank,maybank_american_express_platinum,american,5000.0,Anybody,5.0,"on groceries, selected cinemas, participating bookstores and telecommunication charges",1
196,https://ringgitplus.com/img/card-400/519489e2193821ed4a000100/maybank-american-express-platinum.jpg,maybank,maybank_american_express_platinum,american,5000.0,Anybody,2.0,on all local and overseas retail spends,1
197,https://ringgitplus.com/img/card-400/519489e2193821ed4a000100/maybank-american-express-platinum.jpg,maybank,maybank_american_express_platinum,american,5000.0,Anybody,1.0,"on petrol, utilities, education, insurance and ezypay instalment",1
198,https://ringgitplus.com/img/card-400/519489e2193821ed4a0000e6/petronas-maybank-visa-gold.jpg,maybank,petronas_maybank_visa_gold,visa,2500.0,Anybody,8.0,on groceries every weekend,1
199,https://ringgitplus.com/img/card-400/519489e2193821ed4a0000e6/petronas-maybank-visa-gold.jpg,maybank,petronas_maybank_visa_gold,visa,2500.0,Anybody,5.0,on weekdays at petronas,1
200,https://ringgitplus.com/img/card-400/519489e2193821ed4a0000e6/petronas-maybank-visa-gold.jpg,maybank,petronas_maybank_visa_gold,visa,2500.0,Anybody,1.0,"on education, insurance, utilites, 0% ezypay",1
201,https://ringgitplus.com/img/card-400/519489e2193821ed4a0000ec/maybank-world-mastercard.jpg,maybank,maybank_world_mastercard,mastercard,8333.33,Anybody,5.0,on all overseas retail expenses,1
202,https://ringgitplus.com/img/card-400/519489e2193821ed4a0000ec/maybank-world-mastercard.jpg,maybank,maybank_world_mastercard,mastercard,8333.33,Anybody,5.0,on all local retail expenses,2
203,https://ringgitplus.com/img/card-400/519489e2193821ed4a0000e7/maybank-islamic-petronas-ikhwan-visa-gold-card-i.jpg,maybank,maybank_islamic_petronas_ikhwan_visa_gold_card_i,visa,2500.0,Anybody,1.0,"on education, utilities, insurance and 0% ezypay",1
204,https://ringgitplus.com/img/card-400/519489e2193821ed4a0000ea/maybank-islamic-ikhwan-visa-infinite-card-i.jpg,maybank,maybank_islamic_ikhwan_visa_infinite_card_i,visa,8333.33,Anybody,5.0,on all overseas retail,1
205,https://ringgitplus.com/img/card-400/519489e2193821ed4a0000ea/maybank-islamic-ikhwan-visa-infinite-card-i.jpg,maybank,maybank_islamic_ikhwan_visa_infinite_card_i,visa,8333.33,Anybody,2.0,on all local retail,1
206,https://ringgitplus.com/img/card-400/519489e2193821ed4a0000ea/maybank-islamic-ikhwan-visa-infinite-card-i.jpg,maybank,maybank_islamic_ikhwan_visa_infinite_card_i,visa,8333.33,Anybody,1.0,"on petrol, utilities, education, insurance and ezypay instalment",1
207,https://ringgitplus.com/img/card-400/54feb7d0fd1ef36571cfff76/maybank-islamic-mastercard-ikhwan-gold-card-i.jpg,maybank,maybank_islamic_mastercard_ikhwan_gold_card_i,mastercard,2500.0,Anybody,1.0,on 0% ezypay,1
208,https://ringgitplus.com/img/card-400/54feb188bc1ea1de43cbd9eb/maybank-islamic-mastercard-ikhwan-platinum-card-i.jpg,maybank,maybank_islamic_mastercard_ikhwan_platinum_card_i,mastercard,5000.0,Anybody,1.0,on 0% eazypay,1
209,https://ringgitplus.com/img/card-400/519489e2193821ed4a0000ff/maybank-islamic-ikhwan-american-express-platinum-card-i.jpg,maybank,maybank_islamic_ikhwan_american_express_platinum_card_i,american,5000.0,Anybody,2.0,on all retail,1
210,https://ringgitplus.com/img/card-400/519489e2193821ed4a0000ff/maybank-islamic-ikhwan-american-express-platinum-card-i.jpg,maybank,maybank_islamic_ikhwan_american_express_platinum_card_i,american,5000.0,Anybody,1.0,"on petrol, utilities, education, insurance and ezypay instalment",1
211,https://ringgitplus.com/img/card-400/58e1b9f94069a6115d57cc53/public-bank-quantum-visa.jpg,public_bank,public_bank_quantum_visa,visa,3000.0,Anybody,1.0,local retail transactions,1
212,https://ringgitplus.com/img/card-400/58e1b9f94069a6115d57cc53/public-bank-quantum-visa.jpg,public_bank,public_bank_quantum_visa,visa,3000.0,Anybody,2.0,overseas retail transactions,1
213,https://ringgitplus.com/img/card-400/56d5232da05af65b5dced483/public-bank-world-mastercard-credit-card.jpg,public_bank,public_bank_world_mastercard_credit_card,mastercard,8333.33,Anybody,3.0,on overseas retail,1
214,https://ringgitplus.com/img/card-400/56d5232da05af65b5dced483/public-bank-world-mastercard-credit-card.jpg,public_bank,public_bank_world_mastercard_credit_card,mastercard,8333.33,Anybody,1.0,on local retail,1
215,https://ringgitplus.com/img/card-400/537eea2c06a589d1189a6e0c/public-bank-visa-signature.jpg,public_bank,public_bank_visa_signature,visa,6666.67,Anybody,1.0,"on all retail spends (excluding dining, groceries, online purchases, casino, cash advance, balance transfer, utar, tarc, government and charity transactions, and payments via pbe online banking & atm)",1
216,https://ringgitplus.com/img/card-400/519489e2193821ed4a00011b/public-bank-platinum-mastercard.jpg,public_bank,public_bank_platinum_mastercard,mastercard,4166.67,Anybody,1.0,on all retail spends,1
217,https://ringgitplus.com/img/card-400/58e1c10e6b5269dd048aeaeb/public-bank-quantum-mastercard.jpg,public_bank,public_bank_quantum_mastercard,mastercard,3000.0,Anybody,1.0,local retail transactions,1
218,https://ringgitplus.com/img/card-400/58e1c10e6b5269dd048aeaeb/public-bank-quantum-mastercard.jpg,public_bank,public_bank_quantum_mastercard,mastercard,3000.0,Anybody,2.0,overseas retail transactions,1
219,https://ringgitplus.com/img/card-400/5d9f04504945eeac7b690d89/rhb-rewards-motion-code-credit-card.jpg,rhb,rhb_rewards_motion_code_credit_card,,2000.0,Anybody,10.0,movie tickets,1
220,https://ringgitplus.com/img/card-400/5d9f04504945eeac7b690d89/rhb-rewards-motion-code-credit-card.jpg,rhb,rhb_rewards_motion_code_credit_card,,2000.0,Anybody,4.0,overseas spend,1
221,https://ringgitplus.com/img/card-400/5d9f04504945eeac7b690d89/rhb-rewards-motion-code-credit-card.jpg,rhb,rhb_rewards_motion_code_credit_card,,2000.0,Anybody,3.0,online & e-wallet transaction,1
222,https://ringgitplus.com/img/card-400/5d9f04504945eeac7b690d89/rhb-rewards-motion-code-credit-card.jpg,rhb,rhb_rewards_motion_code_credit_card,,2000.0,Anybody,2.0,retail shopping,1
223,https://ringgitplus.com/img/card-400/5d9f04504945eeac7b690d89/rhb-rewards-motion-code-credit-card.jpg,rhb,rhb_rewards_motion_code_credit_card,,2000.0,Anybody,1.0,other retail spends,1
224,https://ringgitplus.com/img/card-400/5bd7e773fea5d39b106cd0a7/rhb-rewards-visa-credit-card.jpg,rhb,rhb_rewards_visa_credit_card,visa,2000.0,Anybody,10.0,movie tickets,1
225,https://ringgitplus.com/img/card-400/5bd7e773fea5d39b106cd0a7/rhb-rewards-visa-credit-card.jpg,rhb,rhb_rewards_visa_credit_card,visa,2000.0,Anybody,4.0,overseas spend,1
226,https://ringgitplus.com/img/card-400/5bd7e773fea5d39b106cd0a7/rhb-rewards-visa-credit-card.jpg,rhb,rhb_rewards_visa_credit_card,visa,2000.0,Anybody,3.0,online & e-wallet transaction,1
227,https://ringgitplus.com/img/card-400/5bd7e773fea5d39b106cd0a7/rhb-rewards-visa-credit-card.jpg,rhb,rhb_rewards_visa_credit_card,visa,2000.0,Anybody,2.0,retail shopping,1
228,https://ringgitplus.com/img/card-400/5bd7e773fea5d39b106cd0a7/rhb-rewards-visa-credit-card.jpg,rhb,rhb_rewards_visa_credit_card,visa,2000.0,Anybody,1.0,other retail spends,1
229,https://ringgitplus.com/img/card-400/5bd82a4bfea5d39b106cd0b1/rhb-rewards-mastercard-credit-card.jpg,rhb,rhb_rewards_mastercard_credit_card,mastercard,2000.0,Anybody,10.0,movie tickets,1
230,https://ringgitplus.com/img/card-400/5bd82a4bfea5d39b106cd0b1/rhb-rewards-mastercard-credit-card.jpg,rhb,rhb_rewards_mastercard_credit_card,mastercard,2000.0,Anybody,4.0,overseas spend,1
231,https://ringgitplus.com/img/card-400/5bd82a4bfea5d39b106cd0b1/rhb-rewards-mastercard-credit-card.jpg,rhb,rhb_rewards_mastercard_credit_card,mastercard,2000.0,Anybody,3.0,online & e-wallet transaction,1
232,https://ringgitplus.com/img/card-400/5bd82a4bfea5d39b106cd0b1/rhb-rewards-mastercard-credit-card.jpg,rhb,rhb_rewards_mastercard_credit_card,mastercard,2000.0,Anybody,2.0,retail shopping,1
233,https://ringgitplus.com/img/card-400/5bd82a4bfea5d39b106cd0b1/rhb-rewards-mastercard-credit-card.jpg,rhb,rhb_rewards_mastercard_credit_card,mastercard,2000.0,Anybody,1.0,other retail spends,1
234,https://ringgitplus.com/img/card-400/53a16876bf33a92c17deb1f3/myeg-rhb-credit-card.jpg,rhb,myeg_rhb_credit_card,,2000.0,Anybody,5.0,on myeg services,1
235,https://ringgitplus.com/img/card-400/53a16876bf33a92c17deb1f3/myeg-rhb-credit-card.jpg,rhb,myeg_rhb_credit_card,,2000.0,Anybody,1.0,on online and retail transactions,1
236,https://ringgitplus.com/img/card-400/519489e2193821ed4a00012c/rhb-visa-infinite.jpg,rhb,rhb_visa_infinite,visa,12500.0,Anybody,5.0,on all overseas retail spends,1
237,https://ringgitplus.com/img/card-400/519489e2193821ed4a00012c/rhb-visa-infinite.jpg,rhb,rhb_visa_infinite,visa,12500.0,Anybody,1.0,on all local retail spends,1
238,https://ringgitplus.com/img/card-400/5bd8358efea5d39b106cd0b5/rhb-islamic-rewards-credit-card-i.jpg,rhb,rhb_islamic_rewards_credit_card_i,,2000.0,Anybody,10.0,movie tickets,1
239,https://ringgitplus.com/img/card-400/5bd8358efea5d39b106cd0b5/rhb-islamic-rewards-credit-card-i.jpg,rhb,rhb_islamic_rewards_credit_card_i,,2000.0,Anybody,4.0,overseas spend,1
240,https://ringgitplus.com/img/card-400/5bd8358efea5d39b106cd0b5/rhb-islamic-rewards-credit-card-i.jpg,rhb,rhb_islamic_rewards_credit_card_i,,2000.0,Anybody,3.0,online & e-wallet transaction,1
241,https://ringgitplus.com/img/card-400/5bd8358efea5d39b106cd0b5/rhb-islamic-rewards-credit-card-i.jpg,rhb,rhb_islamic_rewards_credit_card_i,,2000.0,Anybody,2.0,retail shopping,1
242,https://ringgitplus.com/img/card-400/5bd8358efea5d39b106cd0b5/rhb-islamic-rewards-credit-card-i.jpg,rhb,rhb_islamic_rewards_credit_card_i,,2000.0,Anybody,1.0,other retail spends,1
243,https://ringgitplus.com/img/card-400/5d9f218b4945eeac7b690d9c/rhb-islamic-rewards-motion-code-credit-card-i.jpg,rhb,rhb_islamic_rewards_motion_code_credit_card_i,,2000.0,Anybody,10.0,movie tickets,1
244,https://ringgitplus.com/img/card-400/5d9f218b4945eeac7b690d9c/rhb-islamic-rewards-motion-code-credit-card-i.jpg,rhb,rhb_islamic_rewards_motion_code_credit_card_i,,2000.0,Anybody,4.0,overseas spend,1
245,https://ringgitplus.com/img/card-400/5d9f218b4945eeac7b690d9c/rhb-islamic-rewards-motion-code-credit-card-i.jpg,rhb,rhb_islamic_rewards_motion_code_credit_card_i,,2000.0,Anybody,3.0,online & e-wallet transaction,1
246,https://ringgitplus.com/img/card-400/5d9f218b4945eeac7b690d9c/rhb-islamic-rewards-motion-code-credit-card-i.jpg,rhb,rhb_islamic_rewards_motion_code_credit_card_i,,2000.0,Anybody,2.0,retail shopping,1
247,https://ringgitplus.com/img/card-400/5d9f218b4945eeac7b690d9c/rhb-islamic-rewards-motion-code-credit-card-i.jpg,rhb,rhb_islamic_rewards_motion_code_credit_card_i,,2000.0,Anybody,1.0,other retail spends,1
248,https://ringgitplus.com/img/card-400/519489e2193821ed4a000145/standard-chartered-visa-platinum.jpg,standard_chartered,standard_chartered_visa_platinum,visa,3000.0,Anybody,5.0,overseas retail transactions,1
249,https://ringgitplus.com/img/card-400/519489e2193821ed4a000145/standard-chartered-visa-platinum.jpg,standard_chartered,standard_chartered_visa_platinum,visa,3000.0,Anybody,1.0,"others (such as groceries, petrol, pharmacy)",1
250,https://ringgitplus.com/img/card-400/519489e2193821ed4a000147/standard-chartered-worldmiles-world-mastercard.jpg,standard_chartered,standard_chartered_worldmiles_world_mastercard,mastercard,7500.0,Anybody,1.0,on local expenses,3
251,https://ringgitplus.com/img/card-400/519489e2193821ed4a000147/standard-chartered-worldmiles-world-mastercard.jpg,standard_chartered,standard_chartered_worldmiles_world_mastercard,mastercard,7500.0,Anybody,4.5,on overseas expenses,3
252,https://ringgitplus.com/img/card-400/5afe8d28138a1002029084de/standard-chartered-platinum-mastercard-basic.jpg,standard_chartered,standard_chartered_platinum_mastercard_basic,mastercard,2000.0,Anybody,1.0,all transactions,1
253,https://ringgitplus.com/img/card-400/55e038d376092cc9694d446f/uob-prvi-miles-card.jpg,uob,uob_prvi_miles_card,,5000.0,Anybody,10.0,on online reservations with booking.com,1
254,https://ringgitplus.com/img/card-400/55e038d376092cc9694d446f/uob-prvi-miles-card.jpg,uob,uob_prvi_miles_card,,5000.0,Anybody,5.0,"overseas, airlines, hotels, travel agencies",1
255,https://ringgitplus.com/img/card-400/55e038d376092cc9694d446f/uob-prvi-miles-card.jpg,uob,uob_prvi_miles_card,,5000.0,Anybody,1.0,on local retail spends,1
256,https://ringgitplus.com/img/card-400/55532e4dd75c88f321f53b7b/uob-preferred-platinum-mastercard.jpg,uob,uob_preferred_platinum_mastercard,mastercard,3333.33,Anybody,3.0,on recurring payments,1
257,https://ringgitplus.com/img/card-400/55532e4dd75c88f321f53b7b/uob-preferred-platinum-mastercard.jpg,uob,uob_preferred_platinum_mastercard,mastercard,3333.33,Anybody,1.0,on any spends,1
258,https://ringgitplus.com/img/card-400/519489e2193821ed4a000153/uob-visa-infinite.jpg,uob,uob_visa_infinite,visa,10000.0,Anybody,8.0,"on overseas purchases paid in singapore dollar, thai baht, and japanese yen",1
259,https://ringgitplus.com/img/card-400/519489e2193821ed4a000153/uob-visa-infinite.jpg,uob,uob_visa_infinite,visa,10000.0,Anybody,5.0,on dining,1
260,https://ringgitplus.com/img/card-400/519489e2193821ed4a000153/uob-visa-infinite.jpg,uob,uob_visa_infinite,visa,10000.0,Anybody,1.0,"all other local retail spends (excluding cash advance, ipp, petrol, payment to government bodies and charity organizations)",1
